PC1,PC2,PC3,PC4,PC5,PC6,PC7,PC8,PC9,PC10,PC11,PC12,PC13,condition
-2.1596442925266115,-1.7954730906538994,1.3040200816407466,0.49919068821604323,1.461698292043623,2.26398841202074,-1.6825409036534666,-0.13459580161352427,-1.5076393992937431,-0.320558884118426,-0.9968183398480626,-0.6407034758790473,-0.9680125851249022,1
-0.3350033086580118,1.3967270202881195,0.3329718556224498,1.5932881200389617,0.5998999117985206,1.1536287363398952,-0.1437414604868204,1.389946871980912,-0.7927185436191434,-0.3419228250108105,-0.6240009479399338,-0.8315870778577718,-0.4871325096804128,1
1.1484015547932418,1.4230082738035026,0.7513815419676014,-1.0352992874479792,0.4640883068153403,0.321527467646071,0.23632767123252668,0.42681777919302427,0.61314101364532,0.2439663702815932,-0.03924001083714977,1.6001956500703658,-0.6399231950502204,0
2.915475288512186,0.6100470374003882,-0.9484033386593892,-0.2872588721694164,0.3819545797021739,0.43064893559565687,-0.5373623079500777,-0.5407111067051822,-0.8950611771736859,-0.11961255036828013,-0.4272190218989404,0.6149215270240066,0.2150642283743828,0
-0.11515123057634115,-1.0612822422937034,2.261962496584876,-1.2891385726517433,-0.8230618776399794,0.4300669513273404,1.2413322562032734,1.9039648358810553,0.587593630982673,0.4710667541657221,-0.9394542736612046,0.12475017244199654,-0.5065671203389503,0
-0.3849844512810938,-0.986177665266056,-1.289457664518273,-1.45312465690813,0.9380777777634086,-1.7165523607370623,-0.11624842219752132,0.8779033592698713,0.5456899439846798,0.7787806582532043,-0.42902961122104677,-0.2398550301153909,0.6154621653999898,0
-2.9167746888057007,-1.2014134828405383,0.964208016763017,2.939267402362424,-0.2177371521119636,-0.25679839477590377,-0.8051319531131508,-1.2583847293513901,0.3841062959641515,-0.7424651040979319,-0.1623220047808561,0.10546626193216016,0.7451100095205372,1
-2.6645593554023272,-1.5567342116418865,-0.7678083704785295,0.7373637845670545,0.3949449235815894,-1.8836235943141075,1.5593609808935007,-0.4647441724624386,0.14625308587282415,-0.1251445943322841,1.5176829860751027,0.539721337318157,-0.10936536511379377,1
-2.0744503386722863,-1.0154421840990666,2.269481615157345,-3.483372689180467,-1.4133459271646562,0.7514818586925168,1.7388407241601826,0.4121593300312773,0.3866829343647604,0.1252456448916145,0.0005264801437655597,0.2675532647914323,0.4341205564552133,0
1.6298756525231837,1.2869305796665143,-0.12186980057754249,0.44804041138639894,-0.5049457185706616,1.0406962312769141,-0.6315282768507627,0.3254054716977446,-0.08273259657319668,-1.5249482603158335,0.5655145996942734,-0.5371185246931193,-0.22545837173064504,0
1.3497906863652764,0.5652451260645855,0.1132160667890247,-0.023989105271317947,-0.35248014348251827,1.1898097876064784,0.09227987808608999,0.07197059862294848,-1.2695821557477438,0.06768220440264391,1.80456777083031,0.16791000615764562,0.46824188828751806,0
-0.09954284717327273,0.11992236064037098,0.18227164050771577,1.3778192262279587,0.7770655586786456,0.4411328305985304,1.7468294272238054,-0.07476263008696145,0.8435138133936824,0.6734424705030938,-0.23313373851974442,-0.7722451314121352,0.46920859959469563,0
-0.8243550030701365,-0.46694843971430766,1.23725294856674,-0.3108806963955419,1.0963036980053298,0.9825150052313448,-2.1570467223139107,0.28324295677396927,1.206571917153512,-0.7075938653034874,1.1468915955822272,-0.4415743270003688,-0.36440228749178666,0
2.0721128100663915,-1.3761661408380597,-1.6095968033750578,0.495974213946566,0.14209096653497585,0.9721028599599106,0.4406798449176104,-0.7537147468121065,0.6655106334677336,0.23732794785731387,0.05928833219291284,-0.5197668129745437,0.057573109282891076,0
1.836251978748713,-1.6060138906517651,-0.9867744118559412,-0.41727222045485796,0.0107784118114802,1.2498278138458123,0.8371916162125473,-0.7705297050972754,0.7200644485214612,-0.44779100103486996,0.06735418207124927,-0.04806561149394761,0.7590593082640886,0
0.5559049277266946,1.4337559809138853,-0.3060059094775181,1.9088454854373675,0.7894004615498996,-0.1131788143774767,0.9298171294579581,-0.4321451296860242,0.18676707929279063,1.117463021799341,-0.40198153884620624,-0.5941367873239654,0.04307675204464357,1
-2.0017058808201367,-0.650576757446765,-0.2715207572418583,-0.4654289269214116,-1.474623994360653,1.0590202719871002,-2.55541745282753,-2.1314684984222003,0.4285378470819732,0.289232713140225,-0.6875597144055373,0.4984296355223389,1.4650875406574708,1
1.324071602467221,-1.464465907543983,-0.21340730875918376,-0.8978869332259227,-0.202367196140552,-1.057955078149783,0.2701980074088595,-0.054950455999217766,-0.36272345316053306,-0.26897089705583027,-1.118950470129568,-0.22880041625803935,-1.0379049509045495,1
-1.5493387445433355,0.57416520396461,0.43598095788556646,-0.9407846869228448,-1.133034377957876,0.08924298059476654,0.30332353224070435,0.473354024806924,-0.5636118938338227,1.4480153094666852,0.4639862737463003,0.737171006320325,0.8348859419375926,1
2.716788951532491,1.2091593426110732,-0.1347226150027063,0.5400531341362185,-0.2626141816807915,0.19747844881399973,0.16747330430931,-0.6565745904419223,0.05686121263542569,-0.11051421492289705,0.755207977373237,-0.028300902639495955,-0.12852877728146608,0
-1.1800910072918884,1.8432669393121641,-0.052946615421969226,0.00041597530131119747,1.4017483086530675,-0.28073291811557255,0.6264130457872739,0.06293411804711384,-0.06387434297069178,1.2263005379695735,-0.003295904204740983,0.7313166464120285,0.05749887820614231,1
0.7348132464448015,-1.7936749142200168,2.401508375827405,0.5660235867207631,-2.037849296903458,1.7013592719360373,1.317508625660212,1.3887543794589323,-1.2464633165851153,-0.012066338890631976,-0.4251505780188049,0.4094428848012642,-0.644252283983232,1
2.6603338799982432,0.19721032572557612,0.9786307358898387,-0.043158013538534164,-1.395134600277461,-0.7354418215711058,0.1312876872737304,0.457591191758991,-0.33321659130092013,-0.42806901025883737,0.05037563136546201,-0.10390388844878827,-0.07162873878590652,0
2.275545361658238,-0.22139527941733597,-0.0374520665769306,0.4921228063420728,-0.3819321574638479,0.6415329948544775,1.008900428830954,-0.5569315884874362,1.3474926369954212,-0.3835827280852093,0.8340391370768815,-0.15335450919676322,-0.014589517525886988,0
2.0532274628924494,0.4918627616553378,-0.3622821257296235,0.9509860281300379,-1.6065907912369344,-0.8265928653035064,-0.29259979537910963,-0.23480518767335573,-0.5541897916796786,0.5438583179730647,0.7979357051362074,-0.49674232905076343,-0.08895223785170207,0
-2.3826778604702596,1.2199529589746814,-0.3902802566080355,-0.3079341290007226,0.013297340217711567,-1.1448698203352947,-0.6502116143341724,1.217527873707307,-0.13656631760207252,-0.43754147855819775,0.14322284505291297,0.40334160611034303,0.33052329692204163,1
-1.9250642306065595,-0.3596149640982135,0.4285622371608479,0.0207252993169358,0.264860927604255,-1.2641222106477634,0.9059334700664132,0.6203144551078216,-1.0927365562824396,0.500328573070654,0.5533287821156853,0.1112738653790536,-0.19788703794682772,1
-4.588628305279847,-2.482844313979537,1.3852196968047616,-1.6512151409907248,-0.4968518677149893,1.7236548433159098,-1.7591051002743976,-0.7861872194125105,-1.7376253993946729,-0.4064172743394119,-0.22590330620526794,0.8229700561314132,0.00654275999427752,1
0.19397675285652916,0.3908283033550653,0.4958745628533234,-0.16757061694259118,-0.35463569999060574,-1.3132814271536017,0.05812754005905213,1.1397092349083007,1.095338444652914,-2.474036340505621,-0.44746778581646507,0.743954642506451,0.9100421355997576,0
-1.377977444517864,2.9250989905658433,-0.33278968797516556,-1.9687560239319124,0.21928997297665204,0.22834092962183333,-0.8294768571169109,-0.5093421329704675,-0.318947031939359,-0.37287244932498076,0.448972467120751,-0.5138107813829386,-0.5338150651029245,1
0.1858270116855397,0.047316550751506224,1.2000392157065047,0.08914663122069721,-1.3126395171644536,0.3611462442470379,0.7133031799655081,0.9472924787936146,-0.6693575295597937,0.8002821784111265,-0.2516705050757353,-0.1919704132353316,1.006627864819717,0
-2.7080290057978913,-1.8900385364838863,0.9790845735858426,-0.39307358082307614,0.29096955545664643,0.4035157885234198,-2.181391211303834,-0.3932383178935636,-1.7935249921755536,-0.8688814781391203,-0.44176474953988054,-0.03466142155133066,0.36348901277159973,1
0.6778996312342723,-3.0085137802589816,-0.19995981180661027,0.465866262682429,1.3304903035700677,1.0044934434658368,1.5739526106500323,0.4389934173753066,-0.31482112689106373,-0.9679096234314831,-0.1707633716465352,-0.07073915020666412,-0.39258466318268226,0
0.13971242430024028,-2.3547637129706565,-0.7939956365365127,-0.4675148469677311,-0.02003225320077613,-0.5863911178648497,0.2523594484425648,0.5770995371030297,-0.22303999021129067,0.382195937219941,-0.34628796909327536,-0.04841853074899772,-1.0164148401764237,0
-0.20039282880644324,-0.391294424755284,1.1361010172932047,-1.2217358739572681,1.3596865985166662,-0.5791323773668456,2.067985803444846,-0.457601402246593,0.4794619276656408,-1.589997959290401,0.507908887885575,0.12009040566384646,-0.07146002373670976,1
-2.2486993136158717,-0.911443797741789,1.0293378919237655,0.6150709111789666,0.07551893410982148,-1.0750464412350877,2.0678407080220707,-0.13897773839876132,-0.6265633943530233,0.104397956938972,-0.4883516888285436,-0.12861213475346586,-0.46622018042735625,1
-0.04129620358551614,0.6007245682708942,0.32649176834450505,-0.06872214743357909,-1.0866585922469236,-0.5956176662865361,0.4875145398600053,0.118819970661532,0.8043393734740002,1.4106478484320275,-0.6150478843971321,0.11359818392482156,-0.3254231317823489,0
0.9515696357753265,-1.7980252586499974,-0.8395683638169797,-0.3631672214890786,1.0600745609436835,1.2404363154603693,0.3796328202072961,1.0015617467225781,-0.18123455363331206,0.20460618075033546,0.34352316292588186,-0.1653267506689242,0.5285066961184605,0
-1.5289463332614837,0.34537013837789554,0.8350007901536111,0.596002747997801,1.35181916794612,-0.18910416458573034,2.1025714891595073,-0.8048186156170516,-0.5884834826324512,-0.13056374124151976,-0.3468315524076241,0.13128876255673677,-0.673446430391543,0
0.3225448702812227,-2.4448588089930214,-0.12522502917954384,1.2261416367639293,1.4443340843888428,-1.7251280825958288,-1.4651976983253656,-0.4319300434799043,1.1177565620059904,0.6334998776416149,-0.6284881070622861,-0.36598623426553567,0.7871485427814396,0
1.402553601040261,-0.6928161951989815,-0.45631611970147984,-1.312721173837798,-0.3105137988406802,-0.7872234535160995,-0.6274622277750699,0.5289766693635247,-0.9625429918338403,0.487884283215688,-0.706750137215799,-0.1928909672883014,-0.712147631787594,0
0.11215812754782652,0.8849303419604669,0.9290863900957963,-0.04983689002287683,0.15750751596571141,0.9090184800880979,1.0099579915693457,-0.27338181442951814,-0.40447463930996136,0.6056330538549355,-0.2517337576803942,0.3382066470569634,-0.947646250520003,1
0.18491955911998548,1.5750674411187222,0.0009356216060179036,1.3564022625241579,0.008287693697498108,1.4644303619856487,-0.3834640090845926,1.1311665950434662,-0.14827577210713172,0.04480910557849808,-0.4902249854377299,-1.1457490038175466,-0.22984121688243256,0
2.014359628514649,1.1864705327438325,0.8175419496636018,0.6133091288875672,-0.49379222094845493,1.0611641464446788,0.9772551319433023,-0.44361162547692007,0.6958999973203587,0.33149411918837257,-0.7270413930137566,0.306738267421368,0.13323553822011838,0
1.2531656559372801,-2.0185610277994273,-1.6958266101935333,0.7296884277397381,-0.9984071684114649,-0.04123367666445544,-0.15422108200870016,0.06646098577569193,-0.13702184011137092,0.8895326283526351,0.1244211714133686,-0.6297155632795366,0.16121640893475045,1
-1.7721584743469805,1.258809522658086,-0.4918142788336647,0.7449964913301473,-0.8058481443537729,-0.8115062102113798,-0.16682854471687075,0.09087468029868316,0.43405427026023463,0.0864214424612093,-0.781835352769919,-0.769629288159242,-0.3342757535780674,1
0.7109974947929039,-0.715289681247554,2.0088739206419457,0.05527714319243682,1.3724453987889678,0.641724010014142,-1.19916209898624,0.05830935858613064,-0.03163774091995992,0.15591809572575024,1.43242641729753,-0.5499896572306856,1.0126291633368574,0
-1.9477116541713126,-1.6592074949555202,-0.9115919803146866,-1.9405866149793938,-0.09896092176593349,-1.0612399324745228,0.6915722864610802,-1.3925112785957674,-1.6737577391273297,0.025220316313713333,0.4106471057057236,-0.6950788576033861,-0.4951871328630944,1
-1.2159816781866062,-1.3891922593294226,-1.8509967465091972,-0.22363958361964417,1.6443064830344851,-0.07859798785993774,0.8721947946947665,-0.9758342896669331,-0.27743310318098124,0.06734038685913832,0.6587209281595013,0.4301905488912805,-0.07809305447585178,0
1.6125330545458259,-1.1550971590976131,-1.3381853554106808,-0.005629617360373397,-0.8669091791719868,-0.5592123557616955,-0.1647264971545615,-0.253116584418257,0.06341337167220425,0.2582758191507196,-0.33692496825378226,0.17164908088728212,0.7766190777686031,0
-0.3455875033389782,0.04416428965814351,0.7096090598866532,-1.7844141206161321,-0.3022976864877943,-1.175715395987668,0.4037078777366019,0.7485104514194201,-0.6239688606700953,0.14742531673267,0.981666611657386,-0.9493736175398525,0.6636289028707093,1
-0.7537119298784749,3.2299878150686814,-0.39759992459517324,-0.4162905442531283,-0.23318933346206547,0.8812669763284944,-0.9114092103363398,-0.2467465844317317,-0.07395232356493295,-0.095295408474439,-0.2150546170770133,0.8305923989944578,0.1382032368865761,1
-0.08345336939106464,0.293505470316903,-1.970746742061343,-0.47268399461753724,1.5019427997879675,0.27720939238612474,-1.3161639206452027,1.0030567937778527,0.18801719054170918,-0.23847092994168734,-0.4069750529646258,-0.8242506053875917,-0.8544110328283827,1
-0.6970631459140195,1.989223535799867,-0.8933641658228083,-0.9483869310410797,-1.1335973198345213,-1.37351807720286,-1.0460263968009442,-0.43702661415178723,-0.13197852856367048,-0.8539577964624211,0.7229732791285237,-0.8112885874526462,0.7401641184821394,0
-2.524697515119096,1.4474780417211415,-0.4796184217452834,-0.08701532244221656,0.2753433338051813,0.7853466303007827,0.6556641865123175,-0.7142095540819563,0.2815626293748498,-0.4481059701600005,0.20634428279034367,-1.126602065793861,0.6965013364290032,1
1.4454972292407655,1.2964997466286872,0.8245959870128318,0.7632116517422819,-0.6677588860228673,1.901301581083373,0.1351708728059846,0.35000748402821785,-1.4473905767277129,1.0363726640922348,0.16297107015652684,0.4105829163799778,-0.2191164268206147,1
0.7710180243566187,-1.6788317563534914,0.8235921412065068,0.07535374392055942,-0.17694386966660666,-0.5011546471656748,0.6924467907685005,2.388656443049266,0.7703169482044586,0.10017370114510891,0.5431450521209743,-0.18422975761165947,0.12386108086536497,0
-2.1063932086822024,-0.0712897244193708,-0.5511455878517274,0.43166468397453966,-0.8228601619418207,-0.06836247575017915,-0.5417751458346548,1.303510575697234,0.39919681810191143,-0.22306745983115903,0.44596733288842977,0.9083056314949968,-0.6911810097279857,1
-0.9521061171623049,-1.2589262871978815,3.030252586807635,-2.3821221724124753,0.010338110769135647,-0.7382370930321593,-0.6027310491049953,-0.5543971853336804,1.4807966206323857,0.3790525019138609,-0.125485107239583,-0.4662286547770417,-0.2041954266169914,0
-0.7569500980144945,-0.24969087744008064,-2.024753365145247,0.24147859552011647,1.0005462143994377,-0.01848390161815654,0.019611166395494994,-1.4203716516065428,-0.4862741703386617,-1.417874151032457,-0.2890378017056047,-1.5875002985341429,-0.7221168836263515,1
-2.377893073219708,1.06589438752991,-0.5340216155128116,0.7422569332039232,-0.21754652872827468,1.3479713411912937,0.39186498774730044,-0.7641504451604569,0.08267614729836548,-0.747132966592213,0.31178348061298106,1.4014777747437746,-0.41403397619107624,1
-0.9513491518935463,0.4396087336992583,-1.7613580402641695,-0.25647465566497096,-0.25539923909662227,1.9689918004287965,-0.603775770495992,-0.5829470057948947,0.37141378280807436,0.22291505539452414,-0.9460107378958096,0.03567437901382698,-0.10002227512948976,1
1.2557959213778027,0.31923695007650454,0.3443949642870114,0.2777351519470194,0.33079996208686335,0.908920741899707,-0.1266620487630123,1.5279504483492072,0.7975331838676727,-1.646698268140604,0.21094221399724916,-0.7986990654023262,-0.3412464677379426,0
3.212704041615989,1.0933007730769706,1.2652498467770383,-0.5604769749052719,-1.187877699385742,-1.3388316340510003,0.008807768239399641,0.27833380528154616,0.019736693759789828,-0.9517509334950712,-0.5389538469264246,0.8259450110179417,0.2563252920659671,0
-1.906597293571389,0.21536038359422227,-0.07267618385281688,1.7940111410781072,-1.5973008051497104,0.09911291954833652,0.16367440835673341,-0.5272772452339671,-0.7034217209211993,-0.8303943911943024,-0.5526981903470892,1.3749461905103948,-1.7408018743282758,1
1.8492875717217925,-0.6981010590333903,-0.24254518905874425,-1.6913369375819691,-0.9097530991388502,-0.6506448460863712,-0.2606309686698214,-0.32410254706497,-0.43592630559983503,-0.13949161525239528,-0.8952864887636311,0.1830658277454823,-0.40169927017937934,0
1.1491786793440537,0.2928719780637832,-1.1831422366930142,-1.498320913778373,1.1548833529762976,-0.26253562259414476,0.03754491667953581,-0.824339530039436,-0.11986707460859279,0.22033980389076138,-0.2514534647168523,-0.6638843251018522,0.142833550312076,0
-2.1388175167874297,2.1533197997759634,-0.7019806178233945,0.09386173289345943,0.45854871655101176,0.3482002233875434,0.23164586859222033,-0.6915001135541768,0.4689449654764004,-0.3523371689043115,-0.07283655823302965,-0.333041964150659,0.5089168817171621,1
-0.49025423590471606,0.40570453915262716,-1.0071965374476206,1.6234125548749472,0.15765289294996174,-1.6278951964022665,-0.6419605516185862,1.4965521698620705,0.47065812676309865,-0.7005808167840344,0.2245560193978913,-0.8476630568341552,-0.013198420542712854,1
-2.7958850654087266,0.8042778113113684,-0.5862219442519191,0.3571859806929497,0.624901393238904,1.3620234080836569,-0.011684859808398396,1.0619675371141992,0.8290293348652291,0.016263135204033538,0.37446159415752905,1.4692348180825614,-0.22755801888527102,1
1.1865304313621645,0.27444560820205655,-0.7688405054746639,1.4616219012319984,-1.1845957584518425,-1.2478116844689162,0.0008789858650062691,-0.50933124296836,-0.16783546091530888,0.2699308557301769,0.8887058697102154,0.7179817254055644,-0.026762603975401957,1
1.1734024877598586,0.21462844999421518,-1.0264489146141234,-1.6299348198900832,0.9100805365758577,0.08193028494550918,-0.05535390217772471,-0.7557916765568172,-0.39443574917293184,0.13725090551163524,-0.11372394667962954,-0.24221745307382608,0.09822665382553085,0
-3.0608642326704345,1.4411359087508366,0.09965611810260959,-1.6136274582082233,1.1131959958888265,0.8612280879972078,-0.07232230302345305,1.245360663261476,0.28924148536570504,0.4889512621980854,0.08556058293343047,-1.2913157962963449,-0.5950547959877974,1
0.15071432029268436,0.9778509858875656,0.19401756004732043,-0.36523081305662886,0.8320797639459208,0.4532164064065933,0.12221740777316266,0.8497052918255348,-0.37967906662247547,1.231746407022151,0.6862717145945479,-0.2275980699070467,-0.7953714779403722,0
-2.3657237162082425,-1.6931188903427528,2.40285084377512,-0.17304209717169922,-0.8489293056478565,1.491627305705424,-1.651261963006722,1.0292175012522604,0.612275244787049,0.19600681819800084,0.010858716666348245,-0.7440531624285954,0.008825695113028902,1
2.6134609362542403,1.2733310275804965,0.08104664231429258,0.12485782656251267,0.24609211417823842,-0.20238455018929816,0.3221926622239378,-0.24719097427329956,0.8482947715329962,-0.448675710971452,0.3892153232680605,0.7577642994264646,0.2149109087821677,0
1.3523549681553282,0.3916778088797373,0.9425291106961737,-0.5260378892552179,0.7715885642042423,0.538515876123036,0.49257825226046725,1.1564104891561409,-1.1152806389606496,-0.22464078009668165,1.0863556974760495,-0.9174138055714837,0.5248172449247893,0
-2.604676216237681,-0.20207472891386238,2.224572997405468,0.13329462950192292,2.1797869015337614,0.19595825057958283,-0.10582257376569051,-1.0532626231230917,-0.8637724543468995,0.7989402729557197,0.5091543803866091,-0.7889701107920577,0.700820785966728,1
2.134163345959136,1.4020348943671521,0.2613859027155118,0.04709728672739654,0.6192664114711656,0.02992338468089317,-0.17570301552871864,0.7078043582601299,-0.39487953552501204,-0.044542799604088947,0.7463566655481199,0.7663230251357134,0.08991859010380378,0
1.7098069704243706,-0.7430726051607417,1.7296938724088566,0.06492870264441529,-1.1483090890748657,-0.7613284349754488,1.1964970636130716,-0.02623469142018743,-0.8374625748202991,-1.8463332961517702,-0.05541919064752966,1.1218911027577143,-0.1448108688594514,0
2.144126178392328,0.9039774115680708,0.04556651616484047,0.5110741970104226,-0.20780566160076588,0.8487936337185698,-0.22156077796008222,0.2402796190567343,-1.1304339377863801,0.277459602930236,1.3249742948830117,0.11916948656467335,-0.33399384830525114,0
-0.8640587761465234,-3.2450217812269435,-2.2281811524829402,0.4497522061046051,-2.779350572308027,1.3264613035128203,1.7060315202079395,-2.6321245298234635,2.8048064129406916,1.537557639492457,-0.3841788988480261,-0.5002414184942215,0.2980348953764529,0
-2.476828985658558,-0.9108131953037923,1.967193603946939,0.30876621208188504,1.5063026274982954,-1.2504786424286518,-1.5188235942891355,0.9034212528560417,-0.6852737293938366,0.961245756494697,0.6870513368002443,1.8670853940230125,-0.03664239584198771,1
2.2419449039810786,1.2929613109405593,-0.7104099908582401,-1.530160258636162,1.1788399777311847,-0.5210222679701331,-0.575711707076359,-0.6305672555706151,-1.0498944199279456,0.1335831219212946,-0.7939091170003256,-0.4922492182722129,-0.4841743153334535,0
-0.5041038951963598,-1.4422815429982214,-0.964273817714115,-1.4651208356056589,1.8751787141818004,-0.7252974604646283,0.11181186652624564,1.6732121614477966,0.38685794534454526,0.8168580984778545,-0.17215830421353032,-0.5009040532051865,0.14926747264566403,0
1.985972638085885,0.5851395274833686,1.6298502991335868,-1.0350205675290878,-0.9485254374235035,-1.1814644015817342,0.6606209415619789,0.26387343704493565,0.5073068323279614,-0.06657084087949984,-1.2400084064556949,-0.7961401790957553,-0.9207686706549373,0
0.147175267365252,-1.35684211562817,1.9792199194127393,-0.9622828309946772,-1.5309373458631204,0.8780723200008292,1.2784737351142512,1.3129825349444446,0.9431338717300943,0.4650928798840122,-0.7534703306343077,0.5779584702065557,-0.7668356467923376,1
-2.171728613043386,1.206042876150089,-1.0289869433084344,0.4773039221544784,-0.42838177094776414,1.0258232668340226,0.7403247607569838,-1.5644030581079633,1.0295522174366076,-0.37335817392360204,0.30934295053708055,-0.7833758030420749,0.38843652546427343,1
-2.7777954609200193,0.6928220583726346,0.5285714927260147,0.6887707742654177,-0.27302552312359163,-0.44935316855025287,0.60102580111432,0.73288912421089,-1.5350052720607696,-1.0711174339665313,-0.31618984326102745,-1.0151507649890117,1.735707566392884,1
3.1467914152761756,1.6114000990178539,0.928423892856024,-0.2464528342488656,0.412198135723338,-0.17169586551934582,0.1409430687617323,0.253564144500747,-0.4374632929389933,-0.6238212500180013,0.07300101591618384,-0.0841666708435768,-0.11000386834057944,0
1.9296897035505023,-0.4196259394528021,-1.559160602327566,0.3132186514190526,0.4108596848127341,0.8962572319617517,-0.3776720004106837,-0.21974270793773137,-0.6869237276144456,0.5334597351099403,0.27688451396586433,0.13487476518823674,0.10006974659860081,0
0.6874135019677079,-1.8208371929390799,-0.5721220201776942,-1.6815723294197236,-0.7610862084031778,-0.304032658207993,0.2564527795111104,-0.04659835705222268,0.3801884933383572,0.006414499851949626,-0.35841495668912443,0.21442788924374812,0.07099242498868787,0
0.5909435342896519,-0.8710172856400716,3.166834584516305,-0.7551698708417028,-0.12652155329524398,1.893122455028854,-0.13179849836503887,-1.3708426185935398,1.3286979495706466,0.2550878812497896,-0.30468104016235537,0.0070521845504415434,-0.15638357903848676,0
1.4383404070822658,-1.0272643158127288,-1.1347707378373528,0.1435681244030207,-0.45801314957791234,-0.3844627615313394,-0.7348618397909655,0.8140611048467116,-1.1565623333564594,0.7501699798959173,-0.15249585592214973,0.01535320928902308,0.2793796704265519,0
0.5543068115632405,1.1607142136711566,2.2260421837560114,-0.9208837011652323,-0.13498765203391117,0.8598645684962084,-1.247394413277249,-2.653838332786821,0.296113515081149,1.3103241722998473,-0.27074107122988833,-0.6265405835095904,-1.439220256902059,0
0.0781382571510182,0.7835182880870095,0.09061183311426567,0.20673265885886088,-1.7450989839329072,-0.1255759637456259,0.17464173945083675,-0.40759256909039854,-0.09327997477185197,1.6668596843043322,-0.1720141199879751,-0.06999558881571204,-0.531244125854913,1
2.7575363093174876,-0.5938914703928975,-0.9633932401005024,-0.2723649358979143,-0.10433654298975523,0.9896999850025661,0.15274200145428302,-0.8159666856260889,0.4033710802736182,-0.456057529968367,-0.3241840529902736,1.0051325284703259,0.2554110078336994,0
1.4248469528823955,2.2380756694996995,-0.04167063110299485,1.1417852978934977,0.050495125467219244,0.49929394172512537,0.13752591348977272,-0.2692929382713362,-0.2926736340057817,1.2633776078714438,-0.28733636708115035,0.12389817367616898,0.22621986894482285,0
3.1229956421108858,1.5798536436455142,0.7204124559004235,-0.2153073553736719,0.0104908873651456,0.09397656948553429,0.08263492376699207,-0.08474397219239688,-0.2375444580646769,-0.6728811675191426,0.2804237299293898,0.6503242148672645,-0.02971296677684985,0
0.5362278365948738,-0.4658218561112534,0.27018113547390493,-1.12034163167839,-1.0452836382301316,-1.1247514218788301,0.8395128878102921,-0.2973785776161917,1.1087058849449842,-0.07339021557114295,0.5986223157522083,-0.61694587138241,0.11242969896850377,1
-2.43048660236565,-1.4355152465666927,-0.4628123686934033,0.44132941394925274,0.9837917423287985,-0.8844392550056397,0.8349390544585816,0.46920055382976716,-1.5170173016582118,0.7933853270129613,-1.357886988286,1.2109788648339954,-0.49176395670094974,1
0.8700504813863136,0.8204693791448237,0.5008337163198627,-1.4477619561824326,-1.3183550586456108,-0.9754439590622602,-0.0829540520238282,-0.3127551293339017,-0.7551728561234017,-0.0007956845310771728,0.8146947665457819,0.07785303222718817,0.1184724748377008,0
-0.12306681087958089,-0.40182831944946734,0.17137141444716747,2.40898264397984,-1.1206820587335997,-0.4236753734579406,1.1841463133385548,-0.38525631135685584,-0.5784413605917502,0.7996820553794882,-0.3942730596445136,-0.16761946782283474,-0.41892879276705025,1
-0.26599601142291923,-0.18091984470177694,1.8403784147707087,-1.6548784944915065,0.12274114337145788,-1.4908942662123525,-1.9500455721144063,-0.78770907386895,0.4051776701664558,0.8926183565395545,0.7448946902506073,-0.29808760453254535,-0.887765122401479,0
0.6918164106723996,1.4745778687216333,0.7309969124371549,-1.0383696884123872,0.10503347056401792,0.2691598836347729,1.2842927605937344,-0.8396923049497735,2.026026557423487,0.16846906183672578,-0.8537347224756804,1.1059637735713046,0.26731053080295575,1
-2.139616973036949,1.006857998179181,-0.8474843202238351,1.0174022501930948,0.912906052900217,0.6960904560162594,0.04394910313556501,0.8471569367412485,1.3198267994839024,0.2640939937612166,-0.1756931537151913,0.35314550932494576,-0.8199795587702771,0
-0.9206405549755091,0.08686123620657896,1.7380693368275586,-0.2549175200008697,1.8207777753061403,-0.23111722884277214,-0.6864505258839059,-1.2305406598564501,0.5850354262590339,0.48456129842638046,0.631596578056291,-0.11240482361489695,0.49389939703017777,1
0.01779470780401436,-2.197465011237061,-1.4879551628705674,0.4807884989562544,-0.01230855878088795,2.846782414722741,-0.746003922876054,1.6545113171131638,-0.3518002806867237,-0.6487152617631935,0.6847258274328972,-0.21712540379918674,-0.38442844110790647,0
0.16381972113287782,-0.4541261486075826,1.6908893102414668,-0.8815019124336556,-0.5080607238022717,-1.051896118656231,-1.493853763210944,-1.4268044890638467,0.2491279593488433,0.38209734911967963,1.0571846815589432,-0.6702608725308759,0.6679553846213886,0
-1.6624964391773611,0.7245200625123367,-0.4961975381425446,-0.04130801449500119,-0.06321794646666407,1.3303669132116587,0.542571090761931,0.06113819483721914,1.9432729501147403,-0.10828183243768352,-0.0746816172105986,-0.6617384082674524,0.09967725042728318,1
-2.6986173529489204,1.0961330039616972,-0.6419223691226603,0.25105977339968727,-0.871870039966173,-0.46779243014598115,-0.16313559570882125,0.19460882014127553,0.581378540939351,-0.033775807539685475,-0.2247035757890172,0.5447277133474903,0.46692205480054416,1
-2.212293191901287,-1.6696051242066277,-1.5958582830596628,-1.8210611187668897,-0.6506646292273691,1.924263024995911,-0.774261724299588,0.6917583118858058,-0.46907222947674027,-0.8183463910989053,1.2379144668875426,0.7611531289019594,0.9061944562373125,1
1.5710595798732057,-1.0982125567273375,-0.17845932052388686,-0.10952506793680629,1.2319542237182068,0.9181769167590847,0.1025370937643423,0.956327348182644,-1.6307666431985592,-0.3470524574864071,-0.16766288178665065,0.4516599121275071,-0.2867840815612741,0
0.17758316996523235,0.46220409532692497,0.7268855918115852,1.3873264255456847,0.8063511870216594,1.012452115656221,0.8508228526261536,1.0851599212292053,-1.0206202841508785,1.028968300283082,-0.04861032031561548,-0.3084954209864693,-0.342567156870157,1
0.24971147619678666,1.971747901694975,-0.8983582054146432,-0.4924240236041353,0.4463119084415589,-0.34170294527634076,-0.5435703779024861,-0.26078736900981386,1.2452093096072065,-1.0642867546554717,0.4375041353272391,-0.6657851753100464,-0.3160709116329119,0
1.577881124882611,-0.18148806224408606,0.19609627007966374,0.35712523126830137,-1.221363543953718,-0.5195578845955847,-0.08002864722763633,0.8199867851372482,-0.07328077177748364,0.19205193740227117,0.7619979224177116,0.6231633640982285,0.12569537770352315,0
-1.31330973990722,-0.5833263239899142,0.5183249981936011,0.8847247469510967,-1.133493274589853,-0.2297185962905205,1.3083256320577845,-0.5671901068967053,-0.8849182346104114,0.8666024920813259,-0.04873641084929409,-0.3317977098142525,-0.9018847741561651,1
3.1224509958367213,0.4463429355498103,-0.7328708231176533,-0.39697533559024384,0.8859533921998943,-0.17582068761717487,-0.028737798066535165,-0.49426257622958786,0.006744585233740565,-0.4052956073016629,-1.025234981120066,-0.13119494661931222,0.3082595758787634,0
-1.2905764781835607,0.6475209234153625,1.2593176503813435,2.3821020334477327,1.21533949973,0.5410669179212239,-1.1959068601988012,-1.2367237668875821,-0.04323670756902551,-0.6127848033990458,-0.4040519443112751,-1.1107434988824934,0.4527519402679095,1
-3.010422479642962,-2.7521112855155216,-0.8744586442345818,0.1656771106669051,-1.1806103498807026,0.5577598257755423,2.0687248869058132,-2.2189233328715816,-1.2111564135468587,0.18927395997438062,-0.18969068644752501,0.18821553402889832,0.6312539476793476,1
1.1051834907877165,0.17047604633873092,-0.13101754615106434,0.38262737739976266,-0.39822732345202244,0.6531097300441352,1.009223622061982,-1.2185162552554918,-0.1593435442496827,-0.7408464148983549,1.4997083893507022,0.6268558830432297,0.64451981371905,0
0.18987486336407333,1.3507645061192073,0.08379781221568285,1.021272577366286,1.3470632388829311,0.171170050794846,0.5538556937266228,1.1851325495562117,0.10294485791193429,1.5836721069574318,-0.2252929576509611,-0.7918256447109819,0.5231771607652617,0
1.0215948034298301,0.35571978902728124,-0.15940741866230274,0.2750367339406402,0.33504707284628,0.6651490522787559,0.26188073659621525,0.4859600174223492,-0.604956276467548,0.34917306556434435,1.6248994187571912,-0.3766762103565902,0.43890704283976084,0
2.1951259940049375,0.3334032549035146,0.49406244302063684,-0.015721480778843534,0.36762527576256937,0.11553733082335496,0.9167154601544197,0.04160652536985857,0.5499955175460478,-0.4768458218397156,0.5332021375328797,-0.9180112463410554,0.2652321816094336,0
1.7728673636892847,1.013056608205107,-0.10137594386801445,1.1415383545963569,-0.763091750232928,-1.6723721539798404,-0.23960922387108954,-0.1370836893479,-1.2519974683025084,0.1393003647144226,0.3939030206764659,-0.19762727391689658,-0.22351072651773587,1
0.542790590143147,-0.6078435217296431,-1.7631544690383754,1.3066515310591258,2.341834214183561,-0.9466203853134323,0.5605994232570087,-0.27648443946507417,-0.566608580213573,0.06500519456240246,-0.31223850636834355,-0.5136084537563973,0.010837036157072943,0
2.0093564013731218,0.8964597525950795,-0.6971587206046939,-1.661860101308479,1.5917863774374388,-0.6538854844619866,-0.4206155423732757,-0.01048014249606321,0.1896479744264204,-0.05014158221627502,-1.020209189820936,0.8048996335581824,-0.4014279422501431,0
0.11313309763466221,0.6650917847284793,0.4475334812979811,1.0835917999687605,0.9347003005674792,-2.8027002626210016,0.6072882892661297,0.42170738789322176,-1.307577001064254,-1.0047636497912003,-0.011302937613927547,1.341653929967023,0.18668634814550578,1
-1.5734997394224577,-0.928365030762248,-1.3587299015530263,-0.18739128257091153,-1.3233169071833033,1.0900690104105082,-0.6939798144808763,0.530664815883266,0.14725849430769314,0.5298324847251827,-1.2100152611285568,-0.4431926090725064,-0.1804197683903314,1
2.0541492490021493,-0.8576439698426874,-1.3431826633266388,0.26405760334484596,-0.5801403422803117,-1.0106230060756713,-0.24020143529924665,-0.20010898361304869,0.10606353875379107,0.37568583406008643,-0.7289257064170241,-0.4332055548969984,0.4229248714594972,0
-1.2268204972645103,0.5449113420166621,-1.365624970531052,-0.3813509924071558,2.135204373007842,-0.8750324430301689,0.1673409781849582,1.1808429660161461,1.7462432295528705,1.2597468737298643,1.6315039927728174,0.8733874797080738,0.27344996627408025,1
0.5037090995624192,-0.29873976438734035,2.991810812468,0.4885956753846818,0.7613099203553984,1.968756358119616,-1.1891102032034673,0.5688243054465565,-0.625925253163398,0.9768938250991103,0.1488589866787825,0.3351549295609089,0.484777936233747,0
0.31065661592678445,1.119208884103257,-0.04942877377841667,0.9343912796464993,-1.2828200512198933,-0.383464048403367,0.09371557876063472,0.18729803031078668,-0.15222825774625726,1.4194182080702302,-0.19864597025687747,0.5210796840209925,0.9391138934116262,1
1.9722015578085916,0.5034095873848918,-0.0421963202528345,0.7683420435572684,-1.24855679292333,-0.8882898239243674,-0.3543100455072367,0.32685231549342647,-0.9358918339584855,0.5536512664971673,0.704171505045504,-0.7215605935509911,-0.1365469566951744,0
3.2792713762280514,1.2028925552265355,-1.2390940646105564,-0.05346769061893004,0.6092495472952245,-0.32316490001645776,-0.48601988467974616,-1.1070357427673643,-0.5789855433856705,-0.06954847802904844,-0.8119100601545594,-0.17241779835947738,0.27343264948601975,0
-1.3838970259755654,0.050697980988693235,0.22968754211210776,0.34056733321293786,-0.5957222970315117,-0.6656923039023483,0.8824229057680958,0.12223577649743873,-0.19757746644909702,1.3973731573791277,-0.11052814898847581,-0.43576815527511936,-0.21851828760859912,1
-0.7000094923541478,-1.2960845173117106,-0.09279614974129452,-3.7293492925941267,1.860190936586863,0.17657963939038188,0.8672398261517085,0.47549786668661576,1.13016733094896,-0.29579409288202946,-0.19506498082631998,0.4072892621573476,-0.08373530572333418,0
0.5769655170535833,-1.4324771163509118,2.0164081135972216,2.161431915180292,0.2802342892177585,-1.5813785494743617,-0.7623151330343041,-1.2608437144483835,-0.8548189402192238,-0.7439244355559369,0.34131152022723177,0.2943851409493463,-0.5130577059282875,0
2.1029593233614188,0.03130127170095542,0.5760939824107654,0.24518925664526975,-1.4956909441946462,-0.37767103154603665,-0.1493689630553178,0.6445156368944015,-0.749283859013106,0.03308489426278249,0.6180805796813338,0.14609564449978835,-0.11205685993968077,0
-0.1922103512388118,-0.17989798299591367,-0.19444643579484563,2.008010152808427,-0.058858043962429336,-1.6657454890200463,1.0354306745326651,-0.057951661626117354,-0.4189549943100562,0.46580247860781643,-0.008481230272563528,-0.7750367371206588,0.013680638587915022,1
1.3773282188792768,1.5716589949382058,-0.3071620547155899,0.09371670715954221,1.4517815025090892,-0.8471655888277073,0.05599391558418713,0.7370432067239793,0.5468842440187588,0.156455351093206,0.6818856276900652,0.4915980566241682,0.7718540614639364,0
-3.5134293298610615,-0.36827966008350116,0.10019798857576416,-1.6440173059614913,-2.1608689975057698,1.4689653464773582,0.03335250187604797,0.32648000578201153,0.15603718529848454,0.30571648144883373,0.7444023928328279,-0.32140155758392763,-0.2910120943912285,1
-1.7476457390695102,2.568970166764942,-0.21712549300890682,-0.7217319170893876,-0.9559560516332513,-0.6251619275477475,-0.9860808021714697,0.47973421618992257,-0.19228762357996726,0.09343956032537211,-0.5007257978260288,0.39392274610765393,0.8955223809114478,1
2.0852238297565147,0.893522832318973,0.26938319371814073,0.2459813842087444,0.6176251664160648,0.1150022993977689,0.13003141107520683,0.6968634095068188,-0.22607725597317635,0.030752855218085344,0.74676294798222,-0.09211608517486207,-0.07711835337693733,0
-3.1476238438473794,-0.06457550649550299,0.27781820607047863,-0.4644379582984117,0.7383561896817139,1.555771152847084,0.9579343066593762,1.0955792182278803,0.804251206328152,-0.6240989907496097,0.2695692886626199,-0.10228799421771584,0.39383520683359663,1
1.0889380531544794,-1.080823068379526,1.9673377284737175,0.49807036369401464,0.6653970258681076,-1.429005130945959,-1.460207328804339,0.6740323191571063,1.2751079824389362,0.30846294349105835,0.21210925846693446,-0.13391528615982837,0.7057841341837005,0
0.1647065988448691,-4.089199203841623,-0.0757205250804611,1.225693280519147,-0.5477168942389797,0.2813186031897674,-0.8793194322872232,-1.5723012362449489,1.0161411779085086,0.2872575549510062,0.4073983834596676,-0.02493484935520478,0.721209279185157,0
-3.8733032056569376,2.095015237444641,-0.17331041373897768,-2.653172053576838,0.3304186048501298,1.0506737368746635,0.1544096406166595,-0.3433108157244628,0.056767694072496905,-0.12665568656910386,0.8069809796882044,-0.4130027266557492,1.2241905531593094,1
-0.2538675863559485,-0.23620742882194518,-0.025770252331443946,-1.0226208657378997,-0.7879975077019138,-1.4594580987267822,0.39312757429715606,-0.5542310454759223,0.46483605029944264,0.3858612227170883,0.672908206088669,0.204407641100853,-1.8839908748138756,0
-1.8849361912765874,2.3849863513091214,0.01631879433993864,0.03844653297098302,1.5159770151687486,0.11733495131751397,-0.3985954072494353,1.2757945843590095,-0.2976961053832293,-0.09701167000814893,-0.5609389660285119,0.06027556009478264,-0.31704096144400185,1
-1.2242882744928956,-1.5481441621278027,-0.7941607937344421,2.931602125283854,-0.1531449844304428,-1.1666803328516797,0.6873057676195059,0.564777832821676,0.024868765168417448,-1.4629551948937234,0.40411146629831474,-1.458147752739273,-1.088100273584942,1
-2.5574464404946426,0.2998243764124738,-1.089664922542013,0.02917003902777257,-0.6045679761169741,-1.3216043875332601,0.006419006915859795,-0.5505575298020339,0.07063991526363073,-1.4524691585762197,1.1541152816869407,0.3701595512635647,0.4490332792413752,1
-4.141674084973175,-0.6971943713317438,0.5681683429576615,-2.6633712606399853,0.6653793515736997,-0.8241846354769558,1.4263837361184573,-0.9996801670318172,-3.4399133797005783,0.008657595287335618,-0.6968196616541452,-0.4141713274617729,0.905060307737866,1
-2.708893332263726,-1.7317878927389678,2.092532488320534,1.4044287587804145,0.16472012337897463,-0.18929428548737476,-0.5157950180340909,-0.7727957657362297,-0.7408747136479406,0.8339743993860423,0.32521764432294104,1.6703540787650661,-0.6051979802914522,1
2.895243460948864,0.5691528496472642,-0.6306491044815105,-0.07190270264942157,1.0473760523983393,-0.47001565903005815,0.13410701296773747,-0.8963174892037195,-0.5064368878750676,-0.8777922390893876,-1.1380936919996667,0.5433331056724984,0.09549221337753212,0
-2.385431764243926,0.7598216350506478,-0.20668949722978372,-1.0705904237946555,0.13147280835182015,-1.327918999797729,-0.4819809311467361,1.1235358906223996,-0.8461734506888907,-1.1206903340363055,0.9557746185914923,-0.7398597794334297,0.7747235451101003,1
0.5079509774956484,-3.1903278844086933,-1.047420848791924,-0.036555103243646116,-1.0183451342681962,0.7231721264393292,0.39081550865906983,0.7863153440475282,0.22250593979144917,0.39064111971327525,0.40472845776886124,0.09926394922693876,0.6271125782485257,0
-0.3967215742717694,-1.0716534516936433,-1.2903356939662212,-0.8017654093981008,0.5608817952269566,2.0456735284140026,-1.256799401577057,1.6372710439120866,-0.6319501940467736,-0.43066622998185955,0.3446049777100002,0.09684513362707034,-1.22537817636597,1
1.3891945551855132,-0.31583641839603294,1.3638083201032551,0.23688272966143745,1.3833540471289623,-0.46558350962739575,1.75623918505605,0.34490961332774,0.028608160901798713,-1.6793214260822569,0.012979020055578314,0.07790418018082967,-0.14652756323512317,1
1.2579681658521302,-1.1477920163439128,1.1784793272379288,0.3251041653318151,-0.5841651182982723,-0.6111911288792277,0.7202786835479574,1.403574060258681,-0.37066758582094955,-0.5957531404967751,0.31230975714348524,0.3011140337566803,-0.29959945450353626,1
-1.460075272988215,-0.12317407049773436,0.3425675321612629,-0.20055604388185297,-0.14075443433890084,-1.2136071313290895,1.4023391305272739,0.22592477874464872,1.815063044386198,0.708666334486626,-0.6898710491832443,1.047158175333638,0.40135213931694724,1
1.9857654755407423,0.4473772109166011,-0.9451828224179596,-1.2669617084801745,0.6418254438187141,0.22159385650215926,-0.46254318202865496,-0.6423847900803406,-0.5615642950278061,0.2167053042570206,-0.3702532995579348,0.30009963304689014,-0.703018056506689,0
-1.9202357789237403,0.5919206291187797,-0.919584741541307,0.9159940263926466,-0.5575183756979675,1.656994409180353,0.3936869669427893,-0.635012614966328,1.1324184986800236,-0.11927468501905315,0.35296809192796247,0.33009906891802826,-0.5885658558354357,1
-2.6849663473330576,0.8177517567707286,1.8013026964149301,-1.3913652355744484,-0.7862981104308691,0.08864413709540715,-2.3559667673507065,-0.8497160686033247,-0.16937819249351022,0.4889384427421251,-0.08796026166447662,-1.0858779547039217,-0.015310691446477042,1
-0.31484042804047846,1.0040965048206356,-0.19783829231222716,1.0201291675283348,-1.1123551369058116,2.3456883813592047,0.0660420290175748,-0.04806472472410967,-0.0712964535507669,-0.3052513373921374,0.260516450568924,-0.8196366282906282,0.5124977437841743,1
2.221245260392352,0.19726930828179415,0.4534494614394797,-0.026263208048091232,-0.08380854036982567,0.5860501601774578,0.7781403453403444,-0.055037712174322226,0.5353288561527169,-0.5349491228499653,0.7706060727325781,-0.006993605748197195,0.1875436321608866,0
0.7634988511681698,-0.6680062434696344,-0.04721363112065351,0.15507251454604368,3.1749550854593624,-0.6208045821322759,-2.1895852128928097,0.41273835786068025,1.007062763619974,0.7866162098206999,-0.27905238109975455,0.9167773711926909,1.2393514851325438,0
-1.1864938037443797,1.0784521781410894,-0.33812545247693065,1.498042880083355,0.2874696672992584,1.1942023634173946,0.3276542528291135,0.456306868290705,0.1074657077030069,-0.4202510060807092,-0.11078038046356838,-0.6108577508067423,0.4693554629051921,1
0.44077159351386497,-0.020237655313887312,-1.4754891281065616,-1.0706701808033023,1.6997889309248975,-0.027500623602415914,-0.5026076320748011,0.4876758702007796,-0.4375489701602697,0.9430930738441171,0.1659061845839554,0.07097382416333066,-0.2971882731074127,0
1.96751390746077,-0.04039351503324052,0.2836083048121442,0.221087334871627,0.4084225524580164,0.3697444166062084,0.7583496354192975,0.5339616540127659,1.0158960688227698,-0.2836218235416697,0.6903703656426184,0.12343812338023054,0.009263169666694736,0
1.6228157503621101,-1.7634342061966364,-0.7656250368665398,0.059868929357611615,-0.35116309695254916,-0.4233305788168467,-0.07445319418674415,0.8596100862220662,-0.39360667725818005,0.4195086167297641,-0.5304385031615925,-0.8232178226395389,0.1830081428140349,0
-3.0498512611816917,0.07989530581054484,-0.42085156115664113,-0.6791661854705194,0.04934210920894517,-1.1499121802504357,1.9859131761553048,-2.7839858278701426,-0.40268631812395667,-0.12610532064185442,1.1462721883674134,-0.11621574649081856,-0.2525269669124533,1
-0.118578784175837,0.6840632121922531,0.4860100520999406,-2.1059763490764003,0.13467985764689416,0.6843599945784701,0.5904430991563332,-0.2999559032734856,-0.6352288805013734,-0.30959423162471345,1.8123052037680536,0.31063665586297107,0.848455642519614,1
-1.8580212360442525,-0.6465904775873977,0.7038876092585342,0.7170239302212028,1.4311852610508253,0.5437480321952337,1.0610381985312294,1.227299290884852,0.5123888443470999,-1.951825414959967,-0.2963955846636465,1.0186490335721343,-1.8117483949567208,1
1.2069481949142318,2.1172957352112594,0.275255788334375,0.9571242218543677,-0.9627935645010043,-0.9589923285717129,-0.3773414362643846,0.37640109944992023,-0.7980589493333333,1.407236567840218,-0.8101415213483656,0.28053429856227724,0.4783195625591211,1
2.4141555372541177,1.112264231302668,0.0272845340850018,0.3874986491534779,0.12831864326148662,0.1609922970409352,0.11484275780485921,-0.04587574907511482,-0.06064502816043078,-0.0518801532148415,0.7674848331148372,0.09449041499047897,-0.07448503506037578,0
-1.8051975848757091,0.6887453561836316,0.17778532429586205,1.0459075922817789,-0.5937453040547415,-0.08672726124092246,-0.07362504071217803,1.4244333729901206,-0.6087747561338188,-0.32471338992581406,-0.4631226755586572,-0.5388178983170397,0.95172574761569,1
-0.2672410739755099,-2.511073865634418,2.8257240702213613,-0.5395333479532495,0.896479367738558,-1.0296968101049755,-0.6980449005061966,0.9465651408015394,1.4069817385775485,-0.22742259854335486,0.2354051165372261,0.5065706619359552,-0.635319354761464,0
1.748417814167848,-0.4263583722959617,-1.7292219827379252,0.4624237061813652,-0.5532695202993181,-1.0016325523466965,-0.7163665044638208,-0.1388357948680115,-0.4919862605719258,0.7848193231724919,-0.36453639043905,-0.10437148780132259,0.4576579346776649,0
-1.0638389592055304,0.11277070992624105,1.3599067546018415,2.6777786082248705,-0.6119457492611436,-0.1301567812061267,-2.0037145821842985,-0.6834889202720941,-0.2319062002033293,-0.3763641229003267,-0.7107270592386526,0.5049880866676035,-0.03419142943940221,1
-0.8226391601044515,0.06317597222459849,1.267118792013044,0.5839637927481932,-0.6747133288435784,-0.7076644458269867,1.7467046002025566,-0.4267878588971952,-1.4152292664250536,-0.2077162599009052,-0.4565966164990944,-0.742747460654147,1.3186565601691238,1
-0.34959059881683097,0.5302265577145108,1.4204152839389943,2.9774742539866197,1.7850703374093515,-0.4750651507320534,-0.45277585478550436,-1.9994634329881213,-0.37945068161316353,0.4844205414521218,-0.3899788111601956,0.5854226430165226,-0.1007267346014467,0
0.4665674958319521,-0.9096566309463758,-1.5622419728321781,-0.7734478087925699,-0.46011642090228255,-0.7021868064733645,-0.6984122744742237,0.09194944173121498,-0.3725345580784165,1.0506051702991726,0.01577168568215938,0.32901562513125737,-0.3386852345127029,0
-2.316382780175443,-0.026228013920949693,0.18814071175065478,-0.20133188354954007,-0.3283956159597365,-0.699306443494087,1.0890245492591057,0.20331213237148582,-0.15759052368937013,1.2771938088479216,0.24814526241286355,-0.2088311162999754,0.6982981294590354,1
-0.7825288343267254,0.725456444431167,0.6880921908215898,-0.3343451173118963,-0.7458405946023767,-1.151281683467119,1.2350619422750664,-0.782777894873307,-0.15502960793940357,0.6608629002969318,-0.6319738412945926,-0.9549136952501132,0.3771008151682208,1
1.1693470140988942,0.5171012345214041,0.3676687673566125,-1.639965951618833,0.4321644620734814,-0.23454773324621922,0.6000677943108957,-0.4662340413125074,1.2077371108012362,0.21285125870053992,0.4478328208487069,-0.5950458423461534,-2.153964957988697,0
2.7399855727643296,0.9922725104852613,0.48702788183227413,0.029512374998547964,0.1875320836986496,0.08037795426925287,0.39606146448903173,0.025565431972707532,0.3414486905573101,-0.5043928973977748,0.37414168187165364,0.20158293931855323,-0.02475264023945809,0
1.7951395592372352,0.2407875626159871,-0.8260065063702084,-1.4000749851708412,0.5305266573052816,0.6384878158832145,-0.6339613923445568,-0.23360269239432147,-0.7072912942570493,0.20577322250861343,-0.15111514248975597,1.199827641287697,-0.7565677265956066,0
0.9453019805787501,-1.7124270000979258,-1.5797418926326687,0.993753595321658,-0.540816754220737,-0.5732473002000283,-0.05984521824766146,-0.11897868483883928,-0.65754426459602,0.4542004753703128,-0.08191512005671199,0.05829456228364318,0.02674039829253396,0
-2.847553056736981,0.9600892282683203,0.0840105329960921,0.412804025436245,-0.28448385637626994,-0.8277998213304972,0.21052460845981658,0.3819161351859321,-0.6379795117663044,-0.5193317415039268,-0.5743098649684384,-0.3335250580323282,0.025799869962801956,1
-2.3753826110231664,-1.5728599176484481,-1.7843759467971216,0.8030408250498556,-1.8498081837688463,0.9318048155039986,0.3634304753897809,-1.6050758925727353,0.0717561746509863,-0.4622745547602168,-0.9631433645376123,0.2212088243656819,-0.2519171176208319,1
1.026229688013415,-1.6089126052638423,1.0211275034852534,-0.3574061361379241,-0.5584663891531573,-0.3003790847060376,0.7444246259187303,2.1288549652578306,1.3562777009978357,-0.4363910369164665,0.4195445106508233,1.3142231014860004,0.3760855599662859,1
0.12368711149889629,2.4167475616086573,-0.07086362711375617,-0.36073948052749816,0.008858879245254848,0.5005745390135322,0.0985401756999558,-0.7216869717220201,-0.18995067264562915,1.3458040532459592,0.1212121949297455,0.8397532120593195,0.008344419493172276,1
-1.5866461234337341,1.423784283516902,0.05387411318567723,-0.2091369908315257,-1.0413127512696707,0.12842331077416302,-0.9959587408026859,1.4954925433559902,-0.13742183769708735,0.37806136982886845,-0.45075346184686405,0.45259091524767003,-0.19989641054016846,1
1.7294077057361998,-1.392251981447003,0.1561438614001619,0.2926142920313669,1.7793454031790292,0.034875974541982706,1.0082104253480064,0.3592984250413744,-1.193423912583326,-1.0883996260493969,-0.9537856637246153,-0.48322728216723554,-0.5872677663586263,0
0.053113736856092844,-0.2590925174372924,-2.184551994811404,-0.7150472154914894,0.28730341707872314,-1.827628434607988,-0.5752560959488007,-0.2626321194997857,0.4796881649678051,1.1861894780409135,-0.21678614892237683,-0.011571557038116173,0.3608001727738375,0
-0.1263618536958464,0.40096730122893764,0.32516185375384504,-1.340832270193148,-0.31614022311449536,-1.5902410640370583,0.12064518626314091,0.8431939377899944,1.9514802782704959,-1.7110222395023966,-0.5224769373934448,-1.2127808726575127,0.1996597246304725,0
1.4800322615712167,-1.0469859226613394,-1.044416613272589,-0.24011151953077187,-0.5032839953787644,-0.5842577651128331,-0.357358758811045,0.4147970536141094,-0.31429184646450764,0.26841077823206533,-0.38492367926693316,0.44842833734386184,0.7632482484374522,0
0.7478947145938439,-3.2474466471940096,0.8046395550914991,1.1344917070967273,0.35812332594587054,-0.7168029542321565,-0.9255279213753786,-1.1963347772509887,0.3971458952795837,-0.5556611423990848,-0.6366815640315577,0.8111934752352024,0.21871806437238608,1
-2.5417507940732005,0.8158360551658557,-0.265428678019667,0.12625726409214766,-1.0483988758654788,-0.29910790520123764,0.1732042073797189,-0.03286825277789663,0.06711400060654678,-0.17724656865664354,-0.2582220362739559,-0.8352387905371726,0.4310797487260065,1
-1.0241588375073787,-0.4583041165686175,1.6444684504587241,1.7049668281214674,1.5835697804513735,0.20943318544645936,-0.35019345908933225,-1.4822996394658379,0.16056869393674525,1.2684116239121337,-0.0638095222599718,-0.8558720006545603,-1.1458613209126114,1
-1.114144812475381,0.45136054732338277,-1.496523233518091,-0.2164113686693895,0.7093954324235564,1.6390639555846662,-0.9222861640464065,0.8502044346062637,0.2751414322154192,0.5030757039258785,-1.2317463146378878,0.30786052889422355,-0.4947395492605219,1
-1.0874767395710436,0.9879710701373242,-0.310583152128093,1.1992381300660209,-0.8617266251253559,0.22529563474528355,-0.9469958914029444,2.154700465645794,0.397414082662762,0.3816638088786595,-0.4788221809044324,0.8956215095965214,0.50389669295754,0
1.3068569776015528,0.13395947227703753,-1.21221661713799,-0.735005926819601,0.9305202982538604,-0.12856213004708217,-0.04729716434348437,-1.076820221410879,-0.37308302975881913,-0.10760926801751854,-0.33275731502240086,0.9138522654241593,-0.7540455356610511,0
2.5408553195272496,0.4965942189828705,0.031780301994958675,0.2946666716426173,-0.3713770974298491,0.48891763587742476,0.5817820496840193,-0.5221451749582486,1.0159996048895137,-0.4728662290073159,0.7224354374157921,0.743239233275456,0.03443622104584878,0
-0.3118238529725394,0.2734450064284734,-0.6611110072861415,-2.6913294564347816,-0.7380474825718191,-0.40114360418821726,-1.6143578258500488,0.384252672696735,-0.950027164244769,-0.877435970235529,-0.8305953899785279,-0.2329691831837035,-1.1692734554772064,0
-1.1368786882537119,1.5437887312963552,0.8487140840663691,0.27132544660866126,1.3566486110307192,-0.6338710617493699,1.640788101948746,-1.1680358356609597,-1.0155532234555598,-0.32172511001114645,-0.5577136087117383,0.8994294979547292,-0.3654070025323285,1
0.6516583780948442,0.2745959002920331,-2.2237825834272233,-0.7359451958803043,-0.4362615512304208,-1.5031510162730952,-0.9871049702942507,-0.8200046044087672,0.19638734376034991,1.0088319430180184,-0.1629677537797598,1.199236293295923,0.19275288656286088,0
2.164269444053172,-1.6050503473698134,0.2923274817307269,-1.1667200325853593,0.8679384088191229,1.0592070436387693,0.8526024065899214,0.692756097553631,0.1051783000883137,-0.8740054185956435,-0.61155422059747,-0.3183779113942477,0.5216044549877416,0
3.4751177923915564,0.6512416598154126,-0.29239034556939747,-0.8729221397711221,0.023617374723381643,0.5016452335719345,-0.13484175057041392,-1.0615969513768242,-0.9678007422724685,-0.811026028899687,-0.7792183906789776,0.20217704362623054,0.4458757327065275,0
0.9282208346055193,0.10545277335213177,-0.33403259067281654,1.0423104587846077,-1.919925351807608,0.2884417920973126,-1.0220581527832988,0.9843596767052697,-0.5590921157428873,-0.7762071182546139,0.6830583155344727,-1.01516906187051,-0.47060522658919474,0
2.271030278810418,-0.33807934579789145,-0.08093480397146924,-1.1955517002074485,-0.7806537332085823,-0.6571926510058611,-0.26242214267907593,-0.014577857684212724,-1.0492666553014915,-0.5875453227917738,-0.8706098010262147,0.3476351907205775,1.126753372554544,0
0.7001549702946995,-2.1176198799641917,0.4670614736636948,0.8425549714228463,-0.2316644347493555,-0.1484490462950415,-2.295006188255127,-0.5825764620840431,0.7423780439419818,-1.5823459052696094,-1.0960106483435361,0.054970766266313385,0.27567458067623896,0
0.7097622826606109,-0.7657804145816013,-2.5570649991971455,0.9081308089075314,-0.30056330904677503,1.5377332446566028,-0.630123057294464,-0.5865034897154415,0.6740851029023944,-0.7300343387223532,0.24053870030285918,-0.8803912930713994,0.21148851464977086,0
-0.16677792902979974,0.23892244349374567,-1.580298357848282,-1.2733850597913792,2.709637859256065,-0.9843491924602741,-0.18215452212510297,0.6890175474089367,-0.16459365605415655,1.032335570278708,-0.06535162194547556,-1.1921187791631769,0.3721928312692196,0
0.9433279620618926,-1.321405189686219,-0.3522408640703092,-1.8456623053705075,-0.5333995968186542,-0.6300935890409226,0.12598653976918872,0.005815118246196936,-0.04164166231067699,-0.062462773800131634,-0.6067399728179113,-0.13692956206010395,0.09372317821659662,0
0.43305134007304624,2.2362614498405224,-0.3657753636774345,1.8014910251340353,0.30579882506944495,0.17311500334149704,0.14577952390074472,-0.30409241124908176,0.9174535747381707,-0.7445136150197345,-1.2379207174518734,-0.45813492315580717,-0.06597818437027601,0
0.22711476053871488,-0.18234689992512015,-1.6355452553156635,-0.6203684641630608,-1.0772100645944975,0.017442461356514335,-1.8547224554247057,0.5863105224063855,-0.6296316444552175,-0.4032132137028309,-0.449873833899416,0.23508563698727972,-0.8551993520017985,0
-3.093002019648509,0.7052296959312769,-0.20947939896217604,0.4087257101217861,-0.7606179301115948,-0.5552645833884884,0.4416789512756502,-0.27166899556372515,-0.2904834748031954,-0.6114183586934949,-0.25666173778378454,-0.1468175639629386,0.3647003966098611,1
0.4768448565029522,1.4039772300745192,0.4385844629544605,-2.805454884887853,-0.8010780953846867,0.5127022524810357,0.49370991939265535,-2.1149941617827097,-0.7537976964964744,-0.27937699125492016,1.5478258578571018,-0.42632727406414045,-0.5128749277398266,0
-0.2987478620264159,-1.8140684097541495,-1.4898010252098692,0.6168179225756811,0.5920988484992079,-1.090844629552901,-0.11227747151311718,1.4216616105808502,1.5416543858869856,-1.3927663249194375,-1.294119057745219,-0.434182721299558,0.4326971203271502,0
0.11744584207558327,1.1867061502124063,0.508553525471006,1.617617789579134,0.6479393402847868,0.3171333853905524,1.1935614465121775,-0.5373009302049584,-1.387614696531917,0.3532347036260311,-0.20366597096585795,-0.13323441581053014,0.010456781935121442,1
1.8708863832581462,-1.9286243771038254,0.2809879852412495,0.5485547794096863,0.8645241590151868,1.1845013911083706,-1.6456356423822078,-1.2616484802403578,0.39714920151357264,0.3974472451435192,0.19150978335618796,-0.14947813302466148,0.36043977659356863,0
1.260219266045047,-2.158033377928694,-0.6469584594612713,0.4610780550125604,1.0347821839753637,1.0882149793174043,0.7386509859254312,0.5418595955435828,-0.6338272415534921,-0.13953639915876453,0.015147986511045252,-0.577992378467536,-0.416762652561793,0
-0.09960772663156486,0.9047518540202276,0.2765368967756441,0.06798153981618463,0.2719951872471509,0.9996931971133666,0.5982527051513994,0.24452520243946196,-0.07506466275997468,1.6360100236465256,0.14467459410811023,-0.6561088307394769,-0.7687402265300078,0
1.3198761877596112,-0.7465058828710435,-0.07279225830909379,0.9450975317838736,-1.2668820137699635,-0.3079002661603622,0.06626236005836832,0.8026154149572563,-0.49887684886495737,0.7164410956733517,1.0800426189408274,-0.9940940382610247,-0.2539933235288501,0
1.1410687291919295,0.23950633622490242,1.230931347095692,0.4894927723384692,-0.9277453248896163,-0.34705824644724603,0.770090319226548,1.0664045703016827,0.4602816983820273,0.6910891556777403,-1.1562360821745752,-0.14636394233778685,0.3436040417753561,0
-1.30849761091878,-0.27242108437741874,0.6773026575422874,0.5974098123347884,-0.16463341645027535,-1.0021935412102299,-2.46983729369849,-0.6710047677958559,0.44806142815135824,-0.5698007858265929,0.8053199008035182,-0.5328675634255317,-0.302719001822038,1
-1.1254967862653253,1.3519958273387807,-1.0295017152859052,-0.2906963291354655,-0.7810719743972024,1.5555927636178628,-0.5312931952944171,-0.4180205364065875,0.7570583183411334,-0.4109560806688493,1.1321489922682602,0.9516764700571304,0.02225067514835979,1
-0.14626051226523892,1.356630990595888,-0.2711378931394322,1.935190809669528,-0.1940257151078465,1.3618541171097387,-0.03683350330560247,0.25365053859855546,-0.09730999356886454,-0.38495752507298575,-0.40755087423680786,-0.308774958362651,-0.4107797629595603,1
-3.0820005410902707,0.008231539745528765,0.06985975143406606,0.4465312516745503,-1.12200742545649,0.11612508553706533,0.5665847026267138,-0.03813459321577662,-0.5509043841688095,-0.6323897949390472,-0.05049685455521392,-0.26836614660865027,0.016796507952489333,1
0.34588998717195424,0.7482033609036508,1.7046009233520172,-1.4763162246897752,-0.7046291718198201,-0.9858569223841557,1.2090296578699657,0.20368183772099466,0.791814130363197,0.22379160242706597,-1.412417984213338,-0.5626641988163235,0.4557026876068018,0
1.5775535199339852,0.3735918597207664,0.8357518968079072,0.04165244565467048,0.9327237208244252,-0.10756430479989051,0.9315522992490993,0.43774507810195634,-0.2052920761695652,-0.9124471112979237,0.4999608533784096,0.24748556932249974,0.1432977547140022,0
1.6821513210802348,-1.0267830930178687,-1.8288222029737748,1.014959506448406,0.9008480388920486,-0.04446549395051453,0.7123447297283237,-1.1384342338302713,0.7093076002238002,-0.057840946881669776,-0.30496086397486283,-0.39238775634738154,0.011262679231568894,0
-3.6288242655503797,0.901284520641118,-0.24893233711539578,0.34203313746121583,0.20241275725491106,0.9658262222963202,1.2024059631356048,-1.4286985922549562,-0.6897212186536319,-1.476280423441799,0.5480155087645968,0.7972504244025955,0.5564552201054431,1
-1.0461508374968707,2.1427127608663583,-0.933614940820544,-0.19078010663380945,0.8220199607918026,0.011449397964195203,-0.5766133337527313,0.40203759864173144,0.8162776351625368,-0.12010434447840555,0.28113310455438284,-0.6828743449296512,-0.008771627546383491,0
1.6524593585015608,1.5658853204393428,-0.6663188838929972,0.6785205163996381,0.7835892654050574,-0.37046165975381373,-0.2547203065369076,0.27385964593600765,-0.06843990132473154,0.5436618982675512,1.047326031652695,0.2603358853227734,0.23334248287525017,0
-1.8078802284556046,-1.3245236608377862,-0.24196501768846157,-0.4043486319075924,-0.34780490797220354,-0.008047828306691162,0.9207112442581671,-0.5627635857660773,-1.929767270900686,0.7080452286819809,-0.9607066052910876,-0.07049232983073966,0.2031832298185048,1
-3.1339409588033074,0.6915211962259573,-0.24090175751539722,0.6226485512754729,-0.11669067019362737,-1.0586207807106867,0.500421140306727,0.19419837622803915,-0.03958699447423083,-0.39937502990053625,-0.5540842628195041,-0.8384293541569822,0.18440503570269764,1
1.4411032152122079,0.661280991474716,0.19284839239808949,1.02394548214492,-0.1883383376797641,0.7714260228669965,1.3425928417354571,-0.5313411121891445,1.8545947461371628,0.6006871676616251,-0.625740362397067,0.046906642418611665,0.3192569288767352,0
-1.9461640236766262,0.8907814054834543,0.19138475414572714,-0.30597869851643517,1.250665579098699,0.5043448661803535,0.8790711282856318,0.5766411196734819,-0.21268283635255977,1.1731247816303183,0.5308474088032068,1.0193920868297115,0.2794053997556957,1
2.2488105131534164,0.539560824800838,-0.8912450815049052,-1.194515721955742,0.5463772778636987,0.21523745984847364,-0.5045356326534094,-0.7426901425911002,-0.6734027576381949,0.20318166864123702,-0.46788492086888084,0.14767475028189855,-0.8748943060261029,0
-0.5461824576533327,-0.5865203879609843,-1.5213661254793902,-1.015423242956553,0.6497669539197785,1.4251465029061905,-0.9035700731547772,0.6961571279516904,-0.49691030826327626,-0.5964146348253969,0.2631537901089772,-1.0065359623384365,-0.45985461055707383,1
-1.6694183547708736,0.2670743596447559,-0.36912650121345714,1.0840389235092396,-1.09929441645016,0.6579296420814686,-0.5403914846404644,2.0002806592309166,0.5993008402740813,0.32771621937915624,-0.07475060676835676,0.6445787799652979,0.8459370017517907,1
-1.0258755337171537,1.2249285898716846,-1.2115547379128864,0.5079207535778942,0.07514615496642814,-1.9280596583499758,-1.1491621512474095,0.9735712752494088,0.6984653542849666,-0.5016263281261613,0.2631035431553368,0.5386990363430187,-0.7980821153848198,1
0.2815449877607267,-2.2616783497453166,2.6699293557775587,-0.5671338123517164,-0.13565424908973328,-0.954079751733844,-0.23820391483863224,-0.9544230417271332,1.2515627947724923,-0.6019392805120899,0.29280462421832426,-0.8137113012904998,-0.2586009382481302,1
0.6385862879446025,0.3410240072048199,3.161353882751359,1.0196109445462789,1.7557901093866264,0.6836183612798651,-0.9854856481168172,0.3832288422686593,-1.139336882483755,0.6690189956348629,-0.6078230049197784,-0.493094945875759,0.07380842163725183,0
1.7148907393946666,-0.0482430123511299,0.7793066146125288,-0.920372248173065,-1.3786380840797907,-0.8331025171533906,0.24572618260108176,0.05590459077066926,0.2583019957197663,-0.09402455997650346,0.21785857979142745,-0.1609977654601891,-0.950691340447927,0
2.112251622144359,1.1448621859685584,-0.4354898271475669,0.5892982589738845,0.4044141735002396,-0.22806934132996382,0.20127400616364582,-0.166771865868451,0.669683192007279,0.1003370515096023,0.7582899035854584,0.2272571771439238,0.15187541762477832,1
0.6680250383040127,-2.023426877074474,0.15688879932204708,-0.4559888115761176,1.9947872964490603,-0.02610535291212378,1.8125103672234062,0.15643933525408338,-0.05890181259708836,-1.5951689070636255,-0.7392827694109845,-0.18756617211776122,0.6780878447138952,0
1.4353509958303738,-0.4437366865797614,1.6527686334950606,1.7706687174274371,1.0755235890247545,-0.11911129550108596,-0.8520882212101505,-1.7572153829240682,-0.2595909711064144,-0.5750832992928894,0.7965143102766219,0.2213104866476079,-0.40224998518561944,0
-0.44033271775386146,0.3458989615192921,0.736503718093431,0.19885536841543566,-0.588243523875347,-0.8407734626068684,0.7882049428648488,0.299615244227143,0.05532880803586751,1.0018130633582594,-0.7755416708556113,0.12015958848356766,-0.6799048101504397,1
2.2386751137605203,-0.31033838537439035,-0.7276285577046285,-0.7307811828488798,0.7281596664832579,0.35738862580412323,0.3457933206091875,-0.43589500028966593,0.11353300830552018,-0.4987229205481776,-0.47546049145253233,-0.009722338772367348,0.8783024441017226,0
-1.8443037053881228,-0.06482481954212907,-1.585510516646364,1.2862149473380164,-0.14123970549424045,-1.923071595099379,0.05151745979664133,-0.256647318711306,1.2151966248536537,-0.8701074725318076,0.5171778582814163,-0.6059514605289472,-0.8015844696602741,1
-0.7664010832787945,-0.32251553895930785,1.1414551741063552,-0.5382461170001849,-0.48005435780825295,-0.11422863892012854,0.6991404025241492,1.6073203416195343,0.030339526687635177,1.4360849866464707,-0.42510600555291334,-0.569227257484661,-0.3634980124471414,1
0.9243859936761576,-2.3722241639268953,-1.153060946250274,0.32473267593559674,-0.8892475602720056,0.5182635800281049,-0.3234577168061445,1.0190687133325147,-0.8125945326102264,0.8300418634823118,0.3516447459270565,-0.012571753433570653,0.09389775208987906,1
0.914586923589661,0.6099498676235182,0.5836664828464797,0.582547900500603,0.4039972658722137,0.7711798023819784,1.2294258285842283,0.4462941555938653,1.409957744483286,0.6040767321148937,-0.5598532349731118,0.3033152790574817,0.5482329198748613,1
-1.3195560896626988,-0.4047715165825171,-1.0732870962335939,-0.5209923260337213,1.7355345387894077,0.4303064456687255,0.851142738078824,-0.0010701364940794277,0.7718382532053493,1.050552694787062,-1.094897298985802,1.2590038938775527,0.3178279460201747,1
0.47316148146288767,1.8048011832520183,0.8233805179786954,-1.6343663920569207,-0.04149948536714948,0.21024321504643437,0.9503866717603172,-1.271726823361586,1.0094391417357425,0.7898073661970378,-0.7909757177053081,-0.30836529428976467,-1.3069263543213618,1
-2.014016991613186,-0.10222462000574804,0.14272724097022152,0.5412591753309519,-1.66253801093108,0.911438982361384,-0.19530532890945418,0.8888173903349916,-0.27519833411678785,-0.026415371971033476,-0.09521579192970353,0.32650992104337856,-0.8769387471959998,1
1.4595867285713193,-3.0701898670853454,1.5936627704628805,-0.6607916120541096,-0.07221815520309598,0.03979060392491678,-1.2142813227573404,-0.27650110141502604,0.7468729034609529,-0.42733516700784424,-0.6414184520037352,0.12069470425037823,1.193805600746377,0
0.2944231441416252,-1.22095734734124,-0.971476049613375,0.5429553583213186,0.6856195323909082,1.6860366821931174,0.7895351914080178,0.4763221445191627,0.8368221159309244,1.2326746149928025,-0.9612082137027115,0.3907329939695857,0.6429447479294799,0
-0.021814487071858124,-0.7029803203561252,-0.8257507421833025,0.20208425948251793,-0.7705257092292183,-1.075430094179782,0.24232501362441547,0.24086694382257054,0.9098233408165499,1.2061935467869536,1.1759536405433955,-0.9080618851150317,-0.6977936279691148,0
-1.4727716114344755,2.997909785466656,-0.41420608827322064,-0.5365919146816202,-0.8312087683426126,-0.9747585956102882,-1.1919092592425924,0.3931171591170698,0.021771299085081356,0.17295526798115587,-0.7142909243860801,0.6785041967038177,0.7650891405817906,1
2.3502892957865553,0.5082111126361016,0.152339429597528,0.4514852951902235,-0.16757310619548263,0.6409211391746205,0.3119364811014425,-0.009414346456450333,-0.11933845774810718,-0.062446456740797164,0.9535764021732661,-0.1648763261546672,-0.2595527137431454,0
1.2926028631492807,0.9668419996176404,-0.6952573981957255,-0.28232100045419123,-0.7476394974201122,0.5008497210894162,0.22702678534552012,-1.669489586159167,-0.03366062422047958,0.44190939815663643,1.5795965611097809,-0.44020743796194584,-0.6545979671030541,0
-1.8470000700687537,0.7489976588481344,-1.1988279903582655,-0.46314161119947383,0.4302498160966244,0.2918112576620488,-0.597637410806495,0.09073579833057979,-0.7048254293394002,-0.14912654685110502,-1.5170658215326782,-0.06538790176489122,0.31023960321005173,1
1.7371213989336685,1.3929654614850722,2.1149072431618734,0.9387958516330481,1.086560126343167,-0.0117824994612336,-1.0844518767719085,-1.1834319694702524,1.2791725687778444,0.7168139109664021,-1.0559279551709777,0.12269131271642326,0.7784108760058014,0
1.8995348267071437,-0.7356038933010729,-0.66196816343704,-1.3433539264362744,0.40908257221931893,0.7546889434536816,0.1367653004569891,-0.44031846649576695,0.3735722353797709,-0.10160381009595999,-0.3932533656626401,0.4855693577749452,-0.8402428146397631,0
-3.03246816092971,0.4869327568852495,-1.265929318109036,-1.0370980201129671,0.12878961537311787,-1.753657802277882,-0.5256970127903083,0.47593507885831055,1.105779295980938,-0.39607111783025145,0.948375312757379,0.007924670060166441,-0.6558794038782692,1
-1.9935324186992622,-2.234257402752283,-0.26176350224896033,0.46849151104146897,2.705365763522513,-0.30608044747148644,-0.8038836795369153,-1.9153309269812513,-0.2835019552272739,-0.05181075080276427,0.7441747186449721,1.2816583349341022,0.06066044625407474,1
2.2910459834745356,0.7749822525088581,-0.7089594614228849,-0.7568192229383168,0.22010963787353877,0.9036099409514254,-0.7414581401314735,-0.4511816805348075,-2.454719986841344,-0.03191281438249142,0.20567011355383638,0.1963302336840526,0.6978524718389395,0
-2.9843001376836886,1.1809043117276323,-0.8875031196052193,0.9409029902177409,1.1223333148298618,0.2059023579835726,0.5841778880749343,-0.1042774220810696,0.9071091552273903,-0.3848749065846035,-0.054737613614921216,0.5058021030432576,-0.12649677836816367,1
-0.9325881468104038,-0.6994764240058664,0.4679261625994644,-0.021873090504786807,-0.42770104249230356,-0.02302375347386128,0.5036043472331558,1.822398919395799,-0.7572116515459556,0.988006795809741,1.0292898566941937,-0.4434041106604169,1.3925699235181406,0
2.189679570322674,-0.4810730872918393,0.31657330130665545,0.32268245716612975,-1.8065895001396768,-0.4074004069958081,0.4082241773041077,-0.019683170239273177,0.7343761833430527,-0.29912897129027216,0.46324908580166646,0.515615604622191,0.08439044784311535,0
2.4624293145381952,-0.16778051889684462,2.275915173448079,0.4177503095461641,1.0103058159558578,0.22553603878801765,-1.2494482143505814,-0.5728169375384543,0.4688112354740721,-0.20441012742389797,0.44550099288000733,-0.7069542783880579,0.09713501912931823,0
-3.1991371501270343,0.2996209318694582,0.6519113655252868,-0.48442123223508626,-0.4915691278868663,-0.15022504981314094,-2.423570540407112,-0.6052527896817452,1.816310706671092,1.0441473515746562,0.045469204571598816,0.4531397962333171,-0.267885447601187,1
-2.8883213412363884,1.4286314977438843,-0.9230064744288349,0.7782664741546858,0.7008014477367177,0.443179933245174,0.42618846688594,-0.4720644331076256,0.7473233814174484,-0.5377904433738444,0.105824606671625,1.2592086160601994,0.03403479437260838,1
0.13174419619539265,2.3180710103364426,1.278621267159736,-1.9379046639385682,-1.0920350440175524,1.3085799232899034,0.728909758629499,-1.4480967083770089,0.5082958807854483,-1.9416180930852835,-0.9607084750148374,-0.6390165395039263,0.9247088565281888,1
-3.2153046180328655,-1.3839002138073204,-0.5056774663586895,0.8223539882151828,0.07207901214964907,-0.7793954924751625,0.3107804192400345,1.0866002272421549,-0.33281309568284617,-1.4567070959306407,1.1668447063735583,0.8138555354166874,-0.9289243543801803,1
0.20232277679651098,-0.06852390572381102,-1.5886502453299618,-0.7314918509049235,-1.0658901792549078,-0.01273860039223415,-1.871423657029296,0.5527148274838757,-0.7461128044593389,-0.4527012314572125,-0.4430943118322502,0.24788750315315375,-0.7413694907667159,0
1.6731855198647818,-0.3996515543513402,-1.3822917611979098,0.30023464948424816,1.400930308893319,0.23486626730225868,-0.2558763917610114,0.5563339822590627,-0.6879234621658032,0.7222756430467435,-0.06730686645289337,-0.9707924277531582,0.10788096130149318,0
1.4478017266534835,0.9108025147451233,-0.5533549481184536,1.3303242093838774,0.7798401210735816,-0.4158340713206245,0.3318393696447893,-0.23262400831269497,-0.35724484103631265,0.1627639994708734,0.9668869312700067,-0.20023219308822152,-0.3029456940265487,1
1.801435665080244,0.08885047624262438,-1.6066084437471269,0.32198451142373974,-1.5302142109946055,-0.23287099314787346,-1.4141271831597297,-0.24464964766526415,-0.06055860686415583,-1.1975817614716875,-1.0514527438011063,-0.09134571335494972,0.19985104084730335,0
1.7700605632179536,-0.5178934752832487,-1.3858951846510192,-0.11673314188863952,0.6706387937609956,0.7041077765188941,-0.13557380046642134,-0.030165011105638403,0.14202251546154612,0.14315949198881364,0.0520305150440816,0.9796945506741098,0.5133100496865479,0
2.15244657073448,-0.4399008324119465,0.16490906642882935,0.5306872277047576,-2.3884703270426746,0.2069006775665314,0.03533740889632623,-0.21392943746433585,-0.22524167266815048,-0.018464145856581828,0.9862035512916213,0.6454161430535971,-0.14840554666591846,0
-0.6573578137950665,1.3454109073189349,-0.1762995971652353,0.25704433498492973,-1.1830306303752123,-0.6126899202249915,-0.2660141081457666,0.282494121350396,1.2802558521565492,0.09394929240010409,-1.2285279256722699,-1.0869200192825734,-0.41142302710303635,0
1.2169534426971227,-1.1104118824666938,-0.32399838241388207,0.8742679428375126,0.04013781827752995,1.0593553995679563,0.9452705119333151,0.4833929631877157,1.1380873246949903,0.2894008685045538,1.4483023572646627,-0.3784786741279842,-0.20460887818608145,1
-3.0582857737375315,0.8409368557071617,0.08286963943079309,0.9359870992064817,-0.16094416345132484,-1.0900929145860934,0.48495686377264746,-0.06832234922503416,-0.9125493833346264,-0.9163090640592056,-0.6908962585817566,0.10827105898755211,-0.3318039529718645,1
0.5086989588227745,-1.7845381822678354,-1.0566300503885442,-0.0677719399080656,-0.6680410690276594,-0.3297892605028582,0.28207200197877086,-0.21282844084366945,-0.538805513386299,-0.27677360220646435,0.032049179678790986,0.9813407230463976,1.0127333746150633,0
0.31520963010764735,1.6084746062542647,-0.41596644099246555,1.4174870142217977,-2.490356759373893,0.6693574626398436,-1.0265935690900627,0.14165977595108858,-0.026141152805944853,-0.018816569123153944,-0.5284787451402065,0.7943913033152527,0.1832554517261419,1
1.252692350318999,1.7998775379371905,1.6318766162863279,-0.4566042723785188,-0.7125890511317039,1.7438100806968162,0.31673198571505895,0.41789066340815795,0.1688752693232779,-1.8370530362250632,-1.2891516381259749,0.0072578491533819975,0.61281077200861,0
-0.1654422911000021,-2.590923610494688,-1.9011963618050258,-0.48727536558896156,-1.4320827114952583,0.36725408072608373,0.1608752371351712,-0.6867454013828111,0.37526973332085833,1.0263546660050662,0.7545489435726025,-0.31906614766179325,-0.20467466781155766,0
3.4030458960394494,0.9758475812962443,1.216787125304479,-0.27886633137065403,-2.021371691862783,-0.556234438518017,-0.24980617793050605,-0.13761885021750853,-1.089085768189119,-0.7194266262097917,-0.03138716777826524,0.47924140740211085,-0.1491320712610971,0
-1.2507887196597187,-0.35936917907394733,1.3630405051223342,0.6495859819498634,-0.325015833269276,-0.5460195962546197,-2.0486738240811975,-0.4388008586065222,1.023728336721676,-0.5058861882761321,-0.20969088338977768,-0.09421129389859023,-0.4740225003348529,1
-1.0887336768514257,1.0188532935415409,-1.4105647373306434,0.3619019039957571,-0.9012308297916497,-1.3559269025695433,-0.8801197612450877,-0.1757469872517592,0.743851336347371,-0.7818197981150611,0.7102499190042223,0.7316032048981203,-0.367331138166278,1
1.2277942736793832,-1.083018330694241,1.9857517096907213,0.7113801897439382,0.06002734034426427,-0.794425249622495,-1.771425694305527,0.4742476661050519,0.08751027020501599,0.56128558644036,0.6468215037052821,-0.5147505870001272,0.3351395136200991,0
